BreakNo,Duration
2,2.228163
3,1.486449
4,3.519852

