BreakNo,Duration
2,15.6527
3,32.63418
4,35.02042

