BreakNo,Duration
2,21.43843
3,3.661411
4,17.72262

