BreakNo,Duration
2,22.90827
3,20.83601
4,45.50407

