BreakNo,Duration
2,4.826762
3,2.24684
4,2.407336

