BreakNo,Duration
2,3.977322
3,10.6043
4,11.24594

