BreakNo,Duration
2,3.924939
3,1.780126
4,1.385769

