BreakNo,Duration
2,2.346443
3,6.31301
4,39.24327

