BreakNo,Duration
2,4.024387
3,1.205768

