BreakNo,Duration
2,7.165799
3,6.526436
4,1.74062

