BreakNo,Duration
2,39.99432
3,19.0015
4,10.50587

