BreakNo,Duration
2,18.78281
3,29.39744
4,27.58993

