Room,OutsideDuration,InsideDuration
Bedroom,28.76297,157.3905
Library,21.6891,73.61686
Classroom,21.13091,73.62823
LivingRoom,21.11165,102.3397
Gym,23.25606,71.05474
StorageRoom,20.90413,76.74332

