BreakNo,Duration
2,7.875473
3,16.99432
4,8.420894

