BreakNo,Duration
2,3.524016
3,11.89395
4,3.2255

