BreakNo,Duration
2,21.02446
3,36.92403
4,21.39378

