BreakNo,Duration
2,7.258119
3,25.68006
4,45.46577

