BreakNo,Duration
2,14.39439
3,12.68271
4,13.28711

