BreakNo,Duration
2,2.181191
3,1.560913
4,1.598733

