BreakNo,Duration
2,6.778854
3,10.00201
4,4.500003

