BreakNo,Duration
2,9.784549
3,2.250829
4,14.07864

