BreakNo,Duration
2,24.64764
3,81.53425
4,109.8083

