BreakNo,Duration
2,25.43632
3,46.24664
4,46.97487

