BreakNo,Duration
2,2.312853
3,6.077652
4,17.47478

