BreakNo,Duration
2,45.93565
3,29.35957
4,20.67196

