BreakNo,Duration
2,5.035993
3,1.989073
4,1.237644

