BreakNo,Duration
2,25.3554
3,27.32946
4,42.68727

