BreakNo,Duration
2,3.270779
3,3.890183
4,2.324146

