BreakNo,Duration
2,48.11149
3,35.5515
4,14.09859

