"","ItemOrderType","RatingGroup","Version","Mean","SD"
"1","Early","High","Immediate",0.344594594594595,0.224664383461882
"2","Late","High","Immediate",0.371345029239766,0.240642444259032
"3","Late","Low","Immediate",0.354700854700855,0.180072626590505
"4","Early","Low","Immediate",0.295321637426901,0.182599433403818
"5","Late","Low","Delayed",0.237037037037037,0.200379013300279
"6","Early","Low","Delayed",0.209116809116809,0.15146826975907
"7","Early","High","Delayed",0.285233918128655,0.199775801580704
"8","Late","High","Delayed",0.239489489489489,0.187567014927445
