"","ItemOrderType","RatingGroup","Mean","SD"
"1","Early","High",0.314518518518519,0.213079360626589
"2","Late","High",0.306296296296296,0.224664383461882
"3","Late","Low",0.300771604938272,0.197324535509383
"4","Early","Low",0.251659451659452,0.172005298528236
