"","RatingGroup","Version","Mean","SD"
"1","High","Immediate",0.369444444444444,0.188464295954627
"2","Low","Immediate",0.338492063492063,0.15757060707283
"3","Low","Delayed",0.237592592592593,0.145382185461567
"4","High","Delayed",0.290833333333333,0.171542891433987
