BreakNo,Duration
2,2.56746
3,4.806076
4,8.62797

