Room,OutsideDuration,InsideDuration
Library,30.90406,245.0716
Bedroom,22.76418,245.0986
Gym,66.39663,88.99783
StorageRoom,58.23611,84.21201

