Room,OutsideDuration,InsideDuration
Bedroom,26.6939,175.1844
Library,21.87558,112.5223
Classroom,21.1298,55.56274
LivingRoom,21.28997,76.92612
Gym,21.71518,71.20416
StorageRoom,21.03299,64.36505

